{
  "daMedians": [
    -0.14817565718119552,
    0.51695489310312,
    -0.6178406042729874,
    4.686743809401577,
    -16.445481875609143,
    19.442201597381768
  ],
  "daCovarianceMatrix": [
    [
      2.9108682501916144e-07,
      2.3644366188348417e-07,
      -5.654023802266518e-07,
      -9.919463085168412e-06,
      -8.051510265906307e-06,
      1.929311606624075e-05
    ],
    [
      2.3644366188348417e-07,
      5.911252660120082e-06,
      -5.171441786987954e-06,
      -8.094661456526844e-06,
      -0.00019992217933013925,
      0.00017467352909851703
    ],
    [
      -5.654023802266518e-07,
      -5.171441786987954e-06,
      5.346013536474495e-06,
      1.9389502924228393e-05,
      0.00017398701894930872,
      -0.0001802869345213867
    ],
    [
      -9.919463085168412e-06,
      -8.094661456526844e-06,
      1.9389502924228393e-05,
      0.00033815610883678636,
      0.00027538007878757795,
      -0.0006615788408766591
    ],
    [
      -8.051510265906307e-06,
      -0.00019992217933013925,
      0.00017398701894930872,
      0.00027538007878757795,
      0.006767060819128191,
      -0.0058804719474851155
    ],
    [
      1.929311606624075e-05,
      0.00017467352909851703,
      -0.0001802869345213867,
      -0.0006615788408766591,
      -0.0058804719474851155,
      0.006082929911356931
    ]
  ],
  "listParamNames": [
    "a1",
    "a2",
    "a3",
    "b1",
    "b2",
    "b3"
  ],
  "iNumSamples": 25600
}