{
  "daMedians": [
    -0.14814297855113978,
    0.5170184155532487,
    -0.6179198568157207,
    4.68564327153087,
    -16.44790602685142,
    19.4448786216373
  ],
  "daCovarianceMatrix": [
    [
      2.8947054764565116e-07,
      2.262418639378527e-07,
      -5.487956805346174e-07,
      -9.867850846449512e-06,
      -7.723892577379785e-06,
      1.875038214070005e-05
    ],
    [
      2.262418639378527e-07,
      5.778647944064421e-06,
      -5.059963424779856e-06,
      -7.756884225984106e-06,
      -0.0001955390063868104,
      0.00017103229817411314
    ],
    [
      -5.487956805346174e-07,
      -5.059963424779856e-06,
      5.2296501366199295e-06,
      1.8830322921143924e-05,
      0.00017033534511203552,
      -0.00017647796922505343
    ],
    [
      -9.867850846449512e-06,
      -7.756884225984106e-06,
      1.8830322921143924e-05,
      0.0003365122057504551,
      0.0002645483039028043,
      -0.000643307292458374
    ],
    [
      -7.723892577379785e-06,
      -0.0001955390063868104,
      0.00017033534511203552,
      0.0002645483039028043,
      0.0066222603917240426,
      -0.005761351924873655
    ],
    [
      1.875038214070005e-05,
      0.00017103229817411314,
      -0.00017647796922505343,
      -0.000643307292458374,
      -0.005761351924873655,
      0.005958405356988109
    ]
  ],
  "listParamNames": [
    "a1",
    "a2",
    "a3",
    "b1",
    "b2",
    "b3"
  ],
  "iNumSamples": 25600
}